sample_idx,setting_id,axis,trial,direction,phase,rate_setting_rad_s,accel_byte,cmd_rate_rad_s,cmd_rate_applied_rad_s,cmd_rate_encoded_rad_s,limit_blocked,command_addrs,command_payloads_hex,command_tx_monotonic_ns,command_tx_wall_ns,response_rx_monotonic_ns,response_rx_wall_ns,elapsed_s,setting_elapsed_s,phase_elapsed_s,encoder_addr,counts,angle_rad,omega_rad_s,encoder_dt_s,profile,segment_id,profile_step_idx,profile_elapsed_s,requested_rate_source,command_cmd_ids,reply_cmd_id,reply_bytes_hex,reply_parsed_json,send_ok,valid_encoder,settle_phase,settled,settle_timeout,missing_reply,send_dropped,reply_latency_ms,pending_query_count,dropped_query_count,stale_reply_count,encoder_sample_monotonic_ns,omega_valid,omega_invalid_reason,update_publish_monotonic_ns,speed_wire_monotonic_ns,encoder_wire_monotonic_ns,encoder_reply_monotonic_ns
0,1,yaw,1,1,pre,0.2,10,0.0,0.0,0.0,0,1,1:00000A,1801881246943969,1789324578811078169,1801881258567991,1789324578840115441,0.7753710639663041,0.010660190833732486,0.010441689984872937,1,-1575,0.6040049352299712,,,step,0,0,4.800967872142792e-07,settle,sweep:yaw:1789324578811053945;sweep:enc:yaw:1789324578811074041,sweep:enc:yaw:1789324578811074041,FFFFFFFFF9D9,"{""counts"":-1575}",1,1,1,0,0,0,0,5.894093,1,0,0,1801881252673898,0,first_sample,1801881242289873,1801881246943969,1801881252673898,1801881258567991
1,1,yaw,1,1,pre,0.2,10,0.0,0.0,0.0,0,1,1:00000A,1801881246943969,1789324578839757449,1801881280445860,1789324578868603164,0.7969952300190926,0.03228435688652098,0.03206585603766143,1,-1575,0.6040049352299712,0.0,0.021624166052788496,step,0,0,0.02864753408357501,settle,sweep:enc:yaw:1789324578839753128,sweep:enc:yaw:1789324578839753128,FFFFFFFFF9D9,"{""counts"":-1575}",1,1,1,1,0,0,0,6.147796,1,0,0,1801881274298064,1,,1801881270968992,1801881246943969,1801881274298064,1801881280445860
2,1,yaw,1,1,pre,0.2,10,0.0,0.0,0.0,0,1,1:00000A,1801881246943969,1789324578868307381,1801881307300071,1789324578897171401,0.8240644230972975,0.05935354996472597,0.05913504911586642,1,-1575,0.6040049352299712,0.0,0.02706919307820499,step,0,0,0.05721324309706688,settle,sweep:enc:yaw:1789324578868304181,sweep:enc:yaw:1789324578868304181,FFFFFFFFF9D9,"{""counts"":-1575}",1,1,1,1,0,0,0,5.932814,1,0,0,1801881301367257,1,,1801881299519053,1801881246943969,1801881301367257,1801881307300071
3,1,yaw,1,1,pre,0.2,10,0.0,0.0,0.0,0,1,1:00000A,1801881246943969,1789324578896901506,1801881339079201,1789324578925609810,0.8561603920534253,0.09144951892085373,0.09123101807199419,1,-1575,0.6040049352299712,0.0,0.03209596895612776,step,0,0,0.08580525615252554,settle,sweep:enc:yaw:1789324578896898146,sweep:enc:yaw:1789324578896898146,FFFFFFFFF9D9,"{""counts"":-1575}",1,1,1,1,0,0,0,5.615975,1,0,0,1801881333463226,1,,1801881328113050,1801881246943969,1801881333463226,1801881339079201
4,1,yaw,1,1,pre,0.2,10,0.0,0.0,0.0,0,1,1:00000A,1801881360076568,1789324578925414445,1801881371878867,1789324578954207328,0.8887470930349082,0.1240362199023366,0.12381771905347705,1,-1575,0.6040049352299712,0.0,0.03258670098148286,step,0,0,0.11434766813181341,settle,sweep:yaw:1789324578925393357;sweep:enc:yaw:1789324578925411949,sweep:enc:yaw:1789324578925411949,FFFFFFFFF9D9,"{""counts"":-1575}",1,1,1,1,0,0,0,5.82894,1,0,0,1801881366049927,1,,1801881356626181,1801881360076568,1801881366049927,1801881371878867
5,1,yaw,1,1,pre,0.2,10,0.0,0.0,0.0,0,1,1:00000A,1801881360076568,1789324578953980602,1801881393788576,1789324578982725867,0.9103749401401728,0.14566406700760126,0.1454455661587417,1,-1575,0.6040049352299712,0.0,0.021627847105264664,step,0,0,0.142919393023476,settle,sweep:enc:yaw:1789324578953978042,sweep:enc:yaw:1789324578953978042,FFFFFFFFF9D9,"{""counts"":-1575}",1,1,1,1,0,0,0,6.110802,1,0,0,1801881387677774,1,,1801881385192370,1801881360076568,1801881387677774,1801881393788576
6,1,yaw,1,1,pre,0.2,10,0.0,0.0,0.0,0,1,1:00000A,1801881360076568,1789324578982552455,1801881420809256,1789324579011297912,0.9374519730918109,0.17274109995923936,0.17252259911037982,1,-1575,0.6040049352299712,0.0,0.027077032951638103,step,0,0,0.17149057402275503,settle,sweep:enc:yaw:1789324578982550151,sweep:enc:yaw:1789324578982550151,FFFFFFFFF9D9,"{""counts"":-1575}",1,1,1,1,0,0,0,6.054449,1,0,0,1801881414754807,1,,1801881413764223,1801881360076568,1801881414754807,1801881420809256
7,1,yaw,1,1,pre,0.2,10,0.0,0.0,0.0,0,1,1:00000A,1801881360076568,1789324579011122388,1801881452641699,1789324579039881253,0.9696353999897838,0.20492452685721219,0.20470602600835264,1,-1575,0.6040049352299712,0.0,0.03218342689797282,step,0,0,0.20006396318785846,settle,sweep:enc:yaw:1789324579011120020,sweep:enc:yaw:1789324579011120020,FFFFFFFFF9D9,"{""counts"":-1575}",1,1,1,1,0,0,0,5.703465,1,0,0,1801881446938234,1,,1801881442334156,1801881360076568,1801881446938234,1801881452641699
8,1,yaw,1,1,pre,0.2,10,0.0,0.0,0.0,0,1,1:00000A,1801881473629370,1789324579039698689,1801881485434197,1789324579068465138,1.0020439850632101,0.23733311193063855,0.237114611081779,1,-1575,0.6040049352299712,0.0,0.032408585073426366,step,0,0,0.22863463102839887,settle,sweep:yaw:1789324579039677216;sweep:enc:yaw:1789324579039696192,sweep:enc:yaw:1789324579039696192,FFFFFFFFF9D9,"{""counts"":-1575}",1,1,1,1,0,0,0,6.087378,1,0,0,1801881479346819,1,,1801881470910425,1801881473629370,1801881479346819,1801881485434197
9,1,yaw,1,1,pre,0.2,10,0.0,0.0,0.0,0,1,1:00000A,1801881473629370,1789324579068265165,1801881507296576,1789324579097012446,1.0239102691411972,0.2591993960086256,0.2589808951597661,1,-1575,0.6040049352299712,0.0,0.021866284077987075,step,0,0,0.2572064201813191,settle,sweep:enc:yaw:1789324579068262861,sweep:enc:yaw:1789324579068262861,FFFFFFFFF9D9,"{""counts"":-1575}",1,1,1,1,0,0,0,6.083473,1,0,0,1801881501213103,1,,1801881499476933,1801881473629370,1801881501213103,1801881507296576
10,1,yaw,1,1,pre,0.2,10,0.0,0.0,0.0,0,1,1:00000A,1801881473629370,1789324579096843738,1801881539134940,1789324579117570571,1.0561173129826784,0.29140643985010684,0.2911879390012473,1,-1575,0.6040049352299712,0.0,0.03220704384148121,step,0,0,0.28578595304861665,settle,sweep:enc:yaw:1789324579096841658,sweep:enc:yaw:1789324579096841658,FFFFFFFFF9D9,"{""counts"":-1575}",1,1,1,1,0,0,0,5.714793,0,0,0,1801881533420147,1,,1801881528055506,1801881473629370,1801881533420147,1801881539134940
11,1,yaw,1,1,step,0.2,10,0.2,0.2,0.10471975511965977,0,1,1:00010A0000001E,1801881549832796,1789324579117761903,1801881562910549,1789324579146598370,1.0796898771077394,0.31497900397516787,0.008065440924838185,1,-1580,0.6059224112148283,0.08134354729863594,0.023572564125061035,step,1,0,4.798639565706253e-07,step,sweep:yaw:1789324579117744943;sweep:enc:yaw:1789324579117759759,sweep:enc:yaw:1789324579117759759,FFFFFFFFF9D4,"{""counts"":-1580}",1,1,0,0,0,0,0,5.917838,1,0,0,1801881556992711,1,,1801881548973639,1801881549832796,1801881556992711,1801881562910549
12,1,yaw,1,1,step,0.2,10,0.2,0.2,0.10471975511965977,0,1,1:00010A0000001E,1801881549832796,1789324579146399774,1801881584803810,1789324579175127470,1.1013268120586872,0.33661593892611563,0.029702375875785947,1,-1583,0.6070728968057425,0.05317229975144174,0.02163693495094776,step,1,0,0.028634733986109495,step,sweep:enc:yaw:1789324579146397470,sweep:enc:yaw:1789324579146397470,FFFFFFFFF9D1,"{""counts"":-1583}",1,1,0,0,0,0,0,6.174164,1,0,0,1801881578629646,1,,1801881577611574,1801881549832796,1801881578629646,1801881584803810
13,1,yaw,1,1,step,0.2,10,0.2,0.2,0.10471975511965977,0,1,1:00010A0000001E,1801881549832796,1789324579174965066,1801881616637405,1789324579203725243,1.1335710731800646,0.368860200047493,0.061946636997163296,1,-1591,0.6101408583815138,0.09514752297230561,0.03224426112137735,step,1,0,0.05720540299080312,step,sweep:enc:yaw:1789324579174962762,sweep:enc:yaw:1789324579174962762,FFFFFFFFF9C9,"{""counts"":-1591}",1,1,0,0,0,0,0,5.763498,1,0,0,1801881610873907,1,,1801881606176898,1801881549832796,1801881610873907,1801881616637405
14,1,yaw,1,1,step,0.2,10,0.2,0.2,0.10471975511965977,0,1,1:00010A0000001E,1801881549832796,1789324579203542455,1801881643526369,1789324579232287848,1.1603946599643677,0.39568378683179617,0.08877022378146648,1,-1598,0.6128253247603136,0.10007857638079691,0.02682358678430319,step,1,0,0.08577799191698432,step,sweep:enc:yaw:1789324579203540119,sweep:enc:yaw:1789324579203540119,FFFFFFFFF9C2,"{""counts"":-1598}",1,1,0,0,0,0,0,5.828875,1,0,0,1801881637697494,1,,1801881634754223,1801881549832796,1801881637697494,1801881643526369
15,1,yaw,1,1,step,0.2,10,0.2,0.2,0.10471975511965977,0,1,1:00010A0000001E,1801881664525017,1789324579232110404,1801881677306251,1789324579260899382,1.1939713680185378,0.4292604948859662,0.1223469318356365,1,-1618,0.6204952286997418,0.22842930066444325,0.03357670805417001,step,1,0,0.11434859689325094,step,sweep:yaw:1789324579232091331;sweep:enc:yaw:1789324579232108292,sweep:enc:yaw:1789324579232108292,FFFFFFFFF9AE,"{""counts"":-1618}",1,1,0,0,0,0,0,6.032049,1,0,0,1801881671274202,1,,1801881663322172,1801881664525017,1801881671274202,1801881677306251
16,1,yaw,1,1,step,0.2,10,0.2,0.2,0.10471975511965977,0,1,1:00010A0000001E,1801881664525017,1789324579260678160,1801881699173751,1789324579289413985,1.2157631220761687,0.4510522489435971,0.1441386858932674,1,-1622,0.6220292094876275,0.0703927175310852,0.021791754057630897,step,1,0,0.1429201290011406,step,sweep:enc:yaw:1789324579260676048,sweep:enc:yaw:1789324579260676048,FFFFFFFFF9AA,"{""counts"":-1622}",1,1,0,0,0,0,0,6.107795,1,0,0,1801881693065956,1,,1801881691889928,1801881664525017,1801881693065956,1801881699173751
17,1,yaw,1,1,step,0.2,10,0.2,0.2,0.10471975511965977,0,1,1:00010A0000001E,1801881664525017,1789324579289249149,1801881731011570,1789324579317889515,1.2478808839805424,0.48317001084797084,0.17625644779764116,1,-1629,0.6247136758664273,0.08358198764884216,0.032117761904373765,step,1,0,0.1714915339834988,step,sweep:enc:yaw:1789324579289246621,sweep:enc:yaw:1789324579289246621,FFFFFFFFF9A3,"{""counts"":-1629}",1,1,0,0,0,0,0,5.827852,0,0,0,1801881725183718,1,,1801881720460885,1801881664525017,1801881725183718,1801881731011570
18,1,yaw,1,1,post,0.2,10,0.0,0.0,0.0,0,1,1:00000A,1801881751994185,1789324579318050831,1801881763821124,1789324579346859426,1.280609220964834,0.5158983478322625,0.008679311955347657,1,-1638,0.6281651326391701,0.10545774979032047,0.03272833698429167,step,2,1,5.760230123996735e-07,settle,sweep:yaw:1789324579318037007;sweep:enc:yaw:1789324579318048431,sweep:enc:yaw:1789324579318048431,FFFFFFFFF99A,"{""counts"":-1638}",1,1,1,0,0,0,0,5.909069,1,0,0,1801881757912055,1,,1801881749262535,1801881751994185,1801881757912055,1801881763821124
19,1,yaw,1,1,post,0.2,10,0.0,0.0,0.0,0,1,1:00000A,1801881751994185,1789324579346686814,1801881785720145,1789324579375422446,1.3022962361574173,0.5375853630248457,0.03036632714793086,1,-1639,0.6285486278361415,0.017683170946576506,0.021687015192583203,step,2,1,0.028633966110646725,settle,sweep:enc:yaw:1789324579346684701,sweep:enc:yaw:1789324579346684701,FFFFFFFFF999,"{""counts"":-1639}",1,1,1,1,0,0,0,6.121075,1,0,0,1801881779599070,1,,1801881777898582,1801881751994185,1801881779599070,1801881785720145
20,1,yaw,1,1,post,0.2,10,0.0,0.0,0.0,0,1,1:00000A,1801881751994185,1789324579375261898,1801881817550348,1789324579403991099,1.3345348651055247,0.5698239919729531,0.06260495609603822,1,-1639,0.6285486278361415,0.0,0.03223862894810736,step,2,1,0.05720617016777396,settle,sweep:enc:yaw:1789324579375259690,sweep:enc:yaw:1789324579375259690,FFFFFFFFF999,"{""counts"":-1639}",1,1,1,1,0,0,0,5.712649,1,0,0,1801881811837699,1,,1801881806473698,1801881751994185,1801881811837699,1801881817550348
21,1,yaw,1,1,post,0.2,10,0.0,0.0,0.0,0,1,1:00000A,1801881751994185,1789324579403832343,1801881844393167,1789324579432561576,1.3612056160345674,0.5964947429019958,0.08927570702508092,1,-1639,0.6285486278361415,0.0,0.026670750929042697,step,2,1,0.08577725500799716,settle,sweep:enc:yaw:1789324579403829815,sweep:enc:yaw:1789324579403829815,FFFFFFFFF999,"{""counts"":-1639}",1,1,1,1,0,0,0,5.884717,1,0,0,1801881838508450,1,,1801881835044079,1801881751994185,1801881838508450,1801881844393167
22,1,yaw,1,1,post,0.2,10,0.0,0.0,0.0,0,1,1:00000A,1801881865329669,1789324579432404196,1801881877190945,1789324579461160853,1.3939856339711696,0.629274760838598,0.12205572496168315,1,-1639,0.6285486278361415,0.0,0.032780017936602235,step,2,1,0.11434978013858199,settle,sweep:yaw:1789324579432388899;sweep:enc:yaw:1789324579432402148,sweep:enc:yaw:1789324579432402148,FFFFFFFFF999,"{""counts"":-1639}",1,1,1,1,0,0,0,5.902477,1,0,0,1801881871288468,1,,1801881863615932,1801881865329669,1801881871288468,1801881877190945
23,1,yaw,1,1,post,0.2,10,0.0,0.0,0.0,0,1,1:00000A,1801881865329669,1789324579460975120,1801881899124815,1789324579489720289,1.4156367441173643,0.6509258709847927,0.14370683510787785,1,-1639,0.6285486278361415,0.0,0.021651110146194696,step,2,1,0.14291878510266542,settle,sweep:enc:yaw:1789324579460972688,sweep:enc:yaw:1789324579460972688,FFFFFFFFF999,"{""counts"":-1639}",1,1,1,1,0,0,0,6.185237,1,0,0,1801881892939578,1,,1801881892186888,1801881865329669,1801881892939578,1801881899124815
24,1,yaw,1,1,post,0.2,10,0.0,0.0,0.0,0,1,1:00000A,1801881865329669,1789324579489547069,1801881930900584,1789324579518284398,1.4479612950235605,0.683250421890989,0.1760313860140741,1,-1639,0.6285486278361415,0.0,0.03232455090619624,step,2,1,0.17149073304608464,settle,sweep:enc:yaw:1789324579489544989,sweep:enc:yaw:1789324579489544989,FFFFFFFFF999,"{""counts"":-1639}",1,1,1,1,0,0,0,5.636455,1,0,0,1801881925264129,1,,1801881920758837,1801881865329669,1801881925264129,1801881930900584
25,1,yaw,1,1,post,0.2,10,0.0,0.0,0.0,0,1,1:00000A,1801881865329669,1789324579518121130,1801881957932560,1789324579546858843,1.474528748076409,0.7098178749438375,0.20259883906692266,1,-1639,0.6285486278361415,0.0,0.026567453052848577,step,2,1,0.20006284210830927,settle,sweep:enc:yaw:1789324579518118858,sweep:enc:yaw:1789324579518118858,FFFFFFFFF999,"{""counts"":-1639}",1,1,1,1,0,0,0,6.100978,1,0,0,1801881951831582,1,,1801881949332930,1801881865329669,1801881951831582,1801881957932560
26,1,yaw,1,1,post,0.2,10,0.0,0.0,0.0,0,1,1:00000A,1801881978883878,1789324579546694071,1801881990757027,1789324579575442376,1.5073000930715352,0.7425892199389637,0.2353701840620488,1,-1640,0.6289321230331129,0.011702150065197946,0.03277134499512613,step,2,1,0.2286341511644423,settle,sweep:yaw:1789324579546675990;sweep:enc:yaw:1789324579546691927,sweep:enc:yaw:1789324579546691927,FFFFFFFFF998,"{""counts"":-1640}",1,1,1,1,0,0,0,6.1541,1,0,0,1801881984602927,1,,1801881977905807,1801881978883878,1801881984602927,1801881990757027
27,1,yaw,1,1,post,0.2,10,0.0,0.0,0.0,0,1,1:00000A,1801881978883878,1789324579575260451,1801882017605062,1789324579603977172,1.534444616176188,0.7697337430436164,0.26251470716670156,1,-1640,0.6289321230331129,0.0,0.027144523104652762,step,2,1,0.2572054280899465,settle,sweep:enc:yaw:1789324579575258371,sweep:enc:yaw:1789324579575258371,FFFFFFFFF998,"{""counts"":-1640}",1,1,1,1,0,0,0,5.857612,1,0,0,1801882011747450,1,,1801882006472251,1801881978883878,1801882011747450,1801882017605062
28,1,yaw,1,1,post,0.2,10,0.0,0.0,0.0,0,1,1:00000A,1801881978883878,1789324579603830128,1801882044427529,1789324579624503775,1.5612220249604434,0.7965111518278718,0.28929211595095694,1,-1640,0.6289321230331129,0.0,0.026777408784255385,step,2,1,0.28577676811255515,settle,sweep:enc:yaw:1789324579603828176,sweep:enc:yaw:1789324579603828176,FFFFFFFFF998,"{""counts"":-1640}",1,1,1,1,0,0,0,5.90267,0,0,0,1801882038524859,1,,1801882035041928,1801881978883878,1801882038524859,1801882044427529
29,1,yaw,1,1,rest,0.2,10,0.0,0.0,0.0,0,1,1:00000A,1801881978883878,1789324579624657923,1801882066295605,1789324579653439733,1.5828892651479691,0.8181783920153975,0.0043506009969860315,1,-1640,0.6289321230331129,0.0,0.02166724018752575,step,3,1,5.438923835754395e-07,rest,sweep:enc:yaw:1789324579624655971,sweep:enc:yaw:1789324579624655971,FFFFFFFFF998,"{""counts"":-1640}",1,1,0,0,0,0,0,6.103506,1,0,0,1801882060192099,1,,1801882055869723,1801881978883878,1801882060192099,1801882066295605
30,1,yaw,1,1,rest,0.2,10,0.0,0.0,0.0,0,1,1:00000A,1801882087205226,1789324579653298802,1801882099116424,1789324579682032994,1.6157131551299244,0.8510022819973528,0.03717449097894132,1,-1639,0.6285486278361415,-0.01168341708378146,0.03282388998195529,step,3,1,0.02863358287140727,rest,sweep:yaw:1789324579653281841;sweep:enc:yaw:1789324579653296721,sweep:enc:yaw:1789324579653296721,FFFFFFFFF999,"{""counts"":-1639}",1,1,0,0,0,0,0,6.100435,1,0,0,1801882093015989,1,,1801882084510570,1801882087205226,1801882093015989,1801882099116424
31,1,yaw,1,1,rest,0.2,10,0.0,0.0,0.0,0,1,1:00000A,1801882087205226,1789324579681866782,1801882120950419,1789324579710595695,1.6375338060315698,0.8728229328989983,0.05899514188058674,1,-1639,0.6285486278361415,0.0,0.021820650901645422,step,3,1,0.05720527493394911,rest,sweep:enc:yaw:1789324579681864670,sweep:enc:yaw:1789324579681864670,FFFFFFFFF999,"{""counts"":-1639}",1,1,0,0,0,0,0,6.113779,1,0,0,1801882114836640,1,,1801882113078582,1801882087205226,1801882114836640,1801882120950419
32,1,yaw,1,1,rest,0.2,10,0.0,0.0,0.0,0,1,1:00000A,1801882087205226,1789324579710444747,1801882152811438,1789324579739183836,1.66974005009979,0.9050291769672185,0.091201385948807,1,-1639,0.6285486278361415,0.0,0.03220624406822026,step,3,1,0.08577824803069234,rest,sweep:enc:yaw:1789324579710442539,sweep:enc:yaw:1789324579710442539,FFFFFFFFF999,"{""counts"":-1639}",1,1,0,0,0,0,0,5.768554,1,0,0,1801882147042884,1,,1801882141656515,1801882087205226,1801882147042884,1801882152811438
33,1,yaw,1,1,rest,0.2,10,0.0,0.0,0.0,0,1,1:00000A,1801882087205226,1789324579739020408,1801882179704307,1789324579767835530,1.6964056170545518,0.9316947439219803,0.11786695290356874,1,-1639,0.6285486278361415,0.0,0.026665566954761744,step,3,1,0.11435170099139214,rest,sweep:enc:yaw:1789324579739017752,sweep:enc:yaw:1789324579739017752,FFFFFFFFF999,"{""counts"":-1639}",1,1,0,0,0,0,0,5.995856,1,0,0,1801882173708451,1,,1801882170232176,1801882087205226,1801882173708451,1801882179704307
34,1,yaw,1,1,rest,0.2,10,0.0,0.0,0.0,0,1,1:00000A,1801882200718250,1789324579767607077,1801882212521669,1789324579796355830,1.7291268811095506,0.964416007976979,0.1505882169585675,1,-1640,0.6289321230331129,0.011720060579773166,0.032721264054998755,step,3,1,0.14292185800150037,rest,sweep:yaw:1789324579767583748;sweep:enc:yaw:1789324579767604677,sweep:enc:yaw:1789324579767604677,FFFFFFFFF998,"{""counts"":-1640}",1,1,0,0,0,0,0,6.091954,1,0,0,1801882206429715,1,,1801882198818685,1801882200718250,1801882206429715,1801882212521669
35,1,yaw,1,1,rest,0.2,10,0.0,0.0,0.0,0,1,1:00000A,1801882200718250,1789324579796157169,1801882234434610,1789324579824828800,1.7509519800078124,0.9862411068752408,0.17241331585682929,1,-1640,0.6289321230331129,0.0,0.021825098898261786,step,3,1,0.1714914699550718,rest,sweep:enc:yaw:1789324579796154929,sweep:enc:yaw:1789324579796154929,FFFFFFFFF998,"{""counts"":-1640}",1,1,0,0,0,0,0,6.179796,0,0,0,1801882228254814,1,,1801882227368969,1801882200718250,1801882228254814,1801882234434610
36,1,yaw,1,-1,pre,0.2,10,0.0,0.0,0.0,0,1,1:00000A,1801882200718250,1789324579825258699,1801882266230540,1789324579854046236,1.7832745790947229,0.0043051589746028185,0.004139875061810017,1,-1640,0.6289321230331129,0.0,0.032322599086910486,step,0,0,4.800967872142792e-07,settle,sweep:enc:yaw:1789324579825256587,sweep:enc:yaw:1789324579825256587,FFFFFFFFF998,"{""counts"":-1640}",1,1,1,1,0,0,0,5.653127,1,0,0,1801882260577413,1,,1801882256470499,1801882200718250,1801882260577413,1801882266230540
37,1,yaw,1,-1,pre,0.2,10,0.0,0.0,0.0,0,1,1:00000A,1801882200718250,1789324579853895321,1801882293077072,1789324579882618953,1.8098458079621196,0.03087638784199953,0.03071110392920673,1,-1640,0.6289321230331129,0.0,0.026571228867396712,step,0,0,0.02863476611673832,settle,sweep:enc:yaw:1789324579853893081,sweep:enc:yaw:1789324579853893081,FFFFFFFFF998,"{""counts"":-1640}",1,1,1,1,0,0,0,5.92843,1,0,0,1801882287148642,1,,1801882285107121,1801882200718250,1801882287148642,1801882293077072
38,1,yaw,1,-1,pre,0.2,10,0.0,0.0,0.0,0,1,1:00000A,1801882314064391,1789324579882466342,1801882325888162,1789324579911212470,1.8424693101551384,0.06349989003501832,0.06333460612222552,1,-1640,0.6289321230331129,0.0,0.032623502193018794,step,0,0,0.05720428307540715,settle,sweep:yaw:1789324579882448997;sweep:enc:yaw:1789324579882463910,sweep:enc:yaw:1789324579882463910,FFFFFFFFF998,"{""counts"":-1640}",1,1,1,1,0,0,0,6.116018,1,0,0,1801882319772144,1,,1801882313678078,1801882314064391,1801882319772144,1801882325888162
39,1,yaw,1,-1,pre,0.2,10,0.0,0.0,0.0,0,1,1:00000A,1801882314064391,1789324579911035282,1801882352753414,1789324579939752194,1.8694736051838845,0.09050418506376445,0.09033890115097165,1,-1640,0.6289321230331129,0.0,0.027004295028746128,step,0,0,0.08577543101273477,settle,sweep:enc:yaw:1789324579911032978,sweep:enc:yaw:1789324579911032978,FFFFFFFFF998,"{""counts"":-1640}",1,1,1,1,0,0,0,5.976975,1,0,0,1801882346776439,1,,1801882342247114,1801882314064391,1801882346776439,1801882352753414
40,1,yaw,1,-1,pre,0.2,10,0.0,0.0,0.0,0,1,1:00000A,1801882314064391,1789324579939606911,1801882379571721,1789324579968327023,1.8964260909706354,0.11745667085051537,0.11729138693772256,1,-1640,0.6289321230331129,0.0,0.026952485786750913,step,0,0,0.114348468137905,settle,sweep:enc:yaw:1789324579939604799,sweep:enc:yaw:1789324579939604799,FFFFFFFFF998,"{""counts"":-1640}",1,1,1,1,0,0,0,5.842796,1,0,0,1801882373728925,1,,1801882370818711,1801882314064391,1801882373728925,1801882379571721
41,1,yaw,1,-1,pre,0.2,10,0.0,0.0,0.0,0,1,1:00000A,1801882314064391,1789324579968179820,1801882406450637,1789324579996921436,1.923176716081798,0.14420729596167803,0.14404201204888523,1,-1639,0.6285486278361415,-0.014335934034353178,0.026750625111162663,step,0,0,0.1429195529781282,settle,sweep:enc:yaw:1789324579968177676,sweep:enc:yaw:1789324579968177676,FFFFFFFFF999,"{""counts"":-1639}",1,1,1,1,0,0,0,5.971087,1,0,0,1801882400479550,1,,1801882399391556,1801882314064391,1801882400479550,1801882406450637
42,1,yaw,1,-1,pre,0.2,10,0.0,0.0,0.0,0,1,1:00000A,1801882432543806,1789324579996753080,1801882444211510,1789324580025488201,1.9607554720714688,0.18178605195134878,0.18162076803855598,1,-1640,0.6289321230331129,0.010205106232807458,0.037578755989670753,step,0,0,0.17149217403493822,settle,sweep:yaw:1789324579996736440;sweep:enc:yaw:1789324579996750840,sweep:enc:yaw:1789324579996750840,FFFFFFFFF998,"{""counts"":-1640}",1,1,1,1,0,0,0,6.153204,1,0,0,1801882438058306,1,,1801882427964816,1801882432543806,1801882438058306,1801882444211510
43,1,yaw,1,-1,pre,0.2,10,0.0,0.0,0.0,0,1,1:00000A,1801882432543806,1789324580025319685,1801882466074178,1789324580054042357,1.982719199033454,0.203749778913334,0.2035844950005412,1,-1640,0.6289321230331129,0.0,0.02196372696198523,step,0,0,0.20006089005619287,settle,sweep:enc:yaw:1789324580025317605,sweep:enc:yaw:1789324580025317605,FFFFFFFFF998,"{""counts"":-1640}",1,1,1,1,0,0,0,6.052145,1,0,0,1801882460022033,1,,1801882456531453,1801882432543806,1801882460022033,1801882466074178
44,1,yaw,1,-1,pre,0.2,10,0.0,0.0,0.0,0,1,1:00000A,1801882432543806,1789324580053894514,1801882492941285,1789324580082613634,2.009710405021906,0.23074098490178585,0.23057570098899305,1,-1640,0.6289321230331129,0.0,0.02699120598845184,step,0,0,0.22863383102230728,settle,sweep:enc:yaw:1789324580053892050,sweep:enc:yaw:1789324580053892050,FFFFFFFFF998,"{""counts"":-1640}",1,1,1,1,0,0,0,5.928046,1,0,0,1801882487013239,1,,1801882485106250,1801882432543806,1801882487013239,1801882492941285
45,1,yaw,1,-1,pre,0.2,10,0.0,0.0,0.0,0,1,1:00000A,1801882432543806,1789324580082465406,1801882524775712,1789324580111197327,2.041678211186081,0.2627087910659611,0.2625435071531683,1,-1640,0.6289321230331129,0.0,0.03196780616417527,step,0,0,0.2572042760439217,settle,sweep:enc:yaw:1789324580082463518,sweep:enc:yaw:1789324580082463518,FFFFFFFFF998,"{""counts"":-1640}",1,1,1,1,0,0,0,5.794667,1,0,0,1801882518981045,1,,1801882513677174,1801882432543806,1801882518981045,1801882524775712
46,1,yaw,1,-1,pre,0.2,10,0.0,0.0,0.0,0,1,1:00000A,1801882545762711,1789324580111043307,1801882557575922,1789324580131731995,2.074173358036205,0.2952039379160851,0.2950386540032923,1,-1640,0.6289321230331129,0.0,0.032495146850124,step,0,0,0.28577916813082993,settle,sweep:yaw:1789324580111025387;sweep:enc:yaw:1789324580111041291,sweep:enc:yaw:1789324580111041291,FFFFFFFFF998,"{""counts"":-1640}",1,1,1,1,0,0,0,6.09973,0,0,0,1801882551476192,1,,1801882542255107,1801882545762711,1801882551476192,1801882557575922
47,1,yaw,1,-1,step,0.2,10,-0.2,-0.2,-0.10471975511965977,0,1,1:80010A0000001E,1801882568255058,1789324580131896191,1801882581539153,1789324580160722962,2.0981835981365293,0.3192141780164093,0.012416169978678226,1,-1633,0.626247656654313,-0.11180506182291694,0.024010240100324154,step,1,0,5.760230123996735e-07,step,sweep:yaw:1789324580131880607;sweep:enc:yaw:1789324580131894207,sweep:enc:yaw:1789324580131894207,FFFFFFFFF99F,"{""counts"":-1633}",1,1,0,0,0,0,0,6.052721,1,0,0,1801882575486432,1,,1801882563107927,1801882568255058,1801882575486432,1801882581539153
48,1,yaw,1,-1,step,0.2,10,-0.2,-0.2,-0.10471975511965977,0,1,1:80010A0000001E,1801882568255058,1789324580160538445,1801882598447398,1789324580189242301,2.1149449590593576,0.3359755389392376,0.029177530901506543,1,-1631,0.6254806662603701,-0.04575943430096362,0.016761360922828317,step,1,0,0.028634349815547466,step,sweep:enc:yaw:1789324580160536333,sweep:enc:yaw:1789324580160536333,FFFFFFFFF9A1,"{""counts"":-1631}",1,1,0,0,0,0,0,6.199605,1,0,0,1801882592247793,1,,1801882591750213,1801882568255058,1801882592247793,1801882598447398
49,1,yaw,1,-1,step,0.2,10,-0.2,-0.2,-0.10471975511965977,0,1,1:80010A0000001E,1801882568255058,1789324580189101050,1801882630242400,1789324580217817290,2.1472131239715964,0.3682437038514763,0.06144569581374526,1,-1624,0.6227961998815703,-0.08319240917792796,0.03226816491223872,step,1,0,0.05720469891093671,step,sweep:enc:yaw:1789324580189098746,sweep:enc:yaw:1789324580189098746,FFFFFFFFF9A8,"{""counts"":-1624}",1,1,0,0,0,0,0,5.726442,1,0,0,1801882624515958,1,,1801882620312818,1801882568255058,1801882624515958,1801882630242400
50,1,yaw,1,-1,step,0.2,10,-0.2,-0.2,-0.10471975511965977,0,1,1:80010A0000001E,1801882568255058,1789324580217673222,1801882657102211,1789324580246393527,2.173853987129405,0.3948845670092851,0.08808655897155404,1,-1617,0.6201117335027705,-0.10076499259420466,0.02664086315780878,step,1,0,0.08577642287127674,step,sweep:enc:yaw:1789324580217671238,sweep:enc:yaw:1789324580217671238,FFFFFFFFF9AF,"{""counts"":-1617}",1,1,0,0,0,0,0,5.94539,1,0,0,1801882651156821,1,,1801882648884958,1801882568255058,1801882651156821,1801882657102211
51,1,yaw,1,-1,step,0.2,10,-0.2,-0.2,-0.10471975511965977,0,1,1:80010A0000001E,1801882678165020,1789324580246245363,1801882690946798,1789324580274985060,2.2076053880155087,0.4286359678953886,0.12183795985765755,1,-1601,0.6139758103512278,-0.18179758440986676,0.03375140088610351,step,1,0,0.11434715590439737,step,sweep:yaw:1789324580246228947;sweep:enc:yaw:1789324580246243187,sweep:enc:yaw:1789324580246243187,FFFFFFFFF9BF,"{""counts"":-1601}",1,1,0,0,0,0,0,6.038576,1,0,0,1801882684908222,1,,1801882677457099,1801882678165020,1801882684908222,1801882690946798
52,1,yaw,1,-1,step,0.2,10,-0.2,-0.2,-0.10471975511965977,0,1,1:80010A0000001E,1801882678165020,1789324580274816384,1801882712683095,1789324580303527344,2.2294389351736754,0.45046951505355537,0.14367150701582432,1,-1597,0.6124418295633423,-0.0702579739688244,0.021833547158166766,step,1,0,0.1429188810288906,step,sweep:enc:yaw:1789324580274814272,sweep:enc:yaw:1789324580274814272,FFFFFFFFF9C3,"{""counts"":-1597}",1,1,0,0,0,0,0,5.941326,1,0,0,1801882706741769,1,,1801882706028120,1801882678165020,1801882706741769,1801882712683095
53,1,yaw,1,-1,step,0.2,10,-0.2,-0.2,-0.10471975511965977,0,1,1:80010A0000001E,1801882678165020,1789324580303385996,1801882744651221,1789324580332023707,2.261424788972363,0.4824553688522428,0.17565736081451178,1,-1589,0.609373867987571,-0.09591620080177962,0.03198585379868746,step,1,0,0.171490860870108,step,sweep:enc:yaw:1789324580303383980,sweep:enc:yaw:1789324580303383980,FFFFFFFFF9CB,"{""counts"":-1589}",1,1,0,0,0,0,0,5.923598,0,0,0,1801882738727623,1,,1801882734597764,1801882678165020,1801882738727623,1801882744651221
54,1,yaw,1,-1,post,0.2,10,0.0,0.0,0.0,0,1,1:00000A,1801882765644524,1789324580332182590,1801882777320612,1789324580361006225,2.294117541052401,0.515148120932281,0.008055520942434669,1,-1579,0.6055389160178568,-0.11730281868976547,0.03269275208003819,step,2,1,4.4796615839004517e-07,settle,sweep:yaw:1789324580332168542;sweep:enc:yaw:1789324580332180350,sweep:enc:yaw:1789324580332180350,FFFFFFFFF9D5,"{""counts"":-1579}",1,1,1,0,0,0,0,5.900237,1,0,0,1801882771420375,1,,1801882763394358,1801882765644524,1801882771420375,1801882777320612
55,1,yaw,1,-1,post,0.2,10,0.0,0.0,0.0,0,1,1:00000A,1801882765644524,1789324580360837837,1801882799371348,1789324580389537277,2.315809163963422,0.5368397438433021,0.029747143853455782,1,-1578,0.6051554208208855,-0.01767941470052445,0.021691622911021113,step,2,1,0.02863380592316389,settle,sweep:enc:yaw:1789324580360835405,sweep:enc:yaw:1789324580360835405,FFFFFFFFF9D6,"{""counts"":-1578}",1,1,1,1,0,0,0,6.25935,1,0,0,1801882793111998,1,,1801882792049605,1801882765644524,1801882793111998,1801882799371348
56,1,yaw,1,-1,post,0.2,10,0.0,0.0,0.0,0,1,1:00000A,1801882765644524,1789324580389391961,1801882831199887,1789324580418111369,2.348170132143423,0.5692007120233029,0.062108112033456564,1,-1578,0.6051554208208855,0.0,0.03236096818000078,step,2,1,0.05720501788891852,settle,sweep:enc:yaw:1789324580389389753,sweep:enc:yaw:1789324580389389753,FFFFFFFFF9D6,"{""counts"":-1578}",1,1,1,1,0,0,0,5.726921,1,0,0,1801882825472966,1,,1801882820603729,1801882765644524,1801882825472966,1801882831199887
57,1,yaw,1,-1,post,0.2,10,0.0,0.0,0.0,0,1,1:00000A,1801882765644524,1789324580417963718,1801882858020242,1789324580446729655,2.3748411391861737,0.5958717190660536,0.08877911907620728,1,-1578,0.6051554208208855,0.0,0.026671007042750716,step,2,1,0.08577498304657638,settle,sweep:enc:yaw:1789324580417961414,sweep:enc:yaw:1789324580417961414,FFFFFFFFF9D6,"{""counts"":-1578}",1,1,1,1,0,0,0,5.876269,1,0,0,1801882852143973,1,,1801882849175454,1801882765644524,1801882852143973,1801882858020242
58,1,yaw,1,-1,post,0.2,10,0.0,0.0,0.0,0,1,1:00000A,1801882878957224,1789324580446545075,1801882890866565,1789324580475288580,2.407487329095602,0.628517908975482,0.12142530898563564,1,-1578,0.6051554208208855,0.0,0.03264618990942836,step,2,1,0.11434766789898276,settle,sweep:yaw:1789324580446524498;sweep:enc:yaw:1789324580446542963,sweep:enc:yaw:1789324580446542963,FFFFFFFFF9D6,"{""counts"":-1578}",1,1,1,1,0,0,0,6.076402,1,0,0,1801882884790163,1,,1801882877756843,1801882878957224,1801882884790163,1801882890866565
59,1,yaw,1,-1,post,0.2,10,0.0,0.0,0.0,0,1,1:00000A,1801882878957224,1789324580475107935,1801882917738089,1789324580503821807,2.4344768719747663,0.6555074518546462,0.14841485186479986,1,-1578,0.6051554208208855,0.0,0.02698954287916422,step,2,1,0.14291996788233519,settle,sweep:enc:yaw:1789324580475105695,sweep:enc:yaw:1789324580475105695,FFFFFFFFF9D6,"{""counts"":-1578}",1,1,1,1,0,0,0,5.958383,1,0,0,1801882911779706,1,,1801882906319671,1801882878957224,1801882911779706,1801882917738089
60,1,yaw,1,-1,post,0.2,10,0.0,0.0,0.0,0,1,1:00000A,1801882878957224,1789324580503677420,1801882944652718,1789324580532395484,2.46144305402413,0.6824736339040101,0.1753810339141637,1,-1578,0.6051554208208855,0.0,0.02696618204936385,step,2,1,0.171490860870108,settle,sweep:enc:yaw:1789324580503675372,sweep:enc:yaw:1789324580503675372,FFFFFFFFF9D6,"{""counts"":-1578}",1,1,1,1,0,0,0,5.90683,1,0,0,1801882938745888,1,,1801882934889156,1801882878957224,1801882938745888,1801882944652718
61,1,yaw,1,-1,post,0.2,10,0.0,0.0,0.0,0,1,1:00000A,1801882878957224,1789324580532246328,1801882971431375,1789324580560975465,2.4883884040173143,0.7094189838971943,0.20232638390734792,1,-1578,0.6051554208208855,0.0,0.02694534999318421,step,2,1,0.20006194594316185,settle,sweep:enc:yaw:1789324580532244472,sweep:enc:yaw:1789324580532244472,FFFFFFFFF9D6,"{""counts"":-1578}",1,1,1,1,0,0,0,5.740137,1,0,0,1801882965691238,1,,1801882963458096,1801882878957224,1801882965691238,1801882971431375
62,1,yaw,1,-1,post,0.2,10,0.0,0.0,0.0,0,1,1:00000A,1801882997540161,1789324580560834565,1801883009183192,1789324580589543989,2.5258163730613887,0.7468469529412687,0.23975435295142233,1,-1578,0.6051554208208855,0.0,0.037427969044074416,step,2,1,0.22864887095056474,settle,sweep:yaw:1789324580560819333;sweep:enc:yaw:1789324580560832549,sweep:enc:yaw:1789324580560832549,FFFFFFFFF9D6,"{""counts"":-1578}",1,1,1,1,0,0,0,6.063985,1,0,0,1801883003119207,1,,1801882992046333,1801882997540161,1801883003119207,1801883009183192
63,1,yaw,1,-1,post,0.2,10,0.0,0.0,0.0,0,1,1:00000A,1801882997540161,1789324580589386834,1801883031139398,1789324580618096418,2.547642176039517,0.7686727559193969,0.26158015592955053,1,-1578,0.6051554208208855,0.0,0.021825802978128195,step,2,1,0.2572052350733429,settle,sweep:enc:yaw:1789324580589384850,sweep:enc:yaw:1789324580589384850,FFFFFFFFF9D6,"{""counts"":-1578}",1,1,1,1,0,0,0,6.194388,1,0,0,1801883024945010,1,,1801883020598634,1801882997540161,1801883024945010,1801883031139398
64,1,yaw,1,-1,post,0.2,10,0.0,0.0,0.0,0,1,1:00000A,1801882997540161,1789324580617959934,1801883057967081,1789324580638576236,2.5748299311380833,0.7958605110179633,0.28876791102811694,1,-1578,0.6051554208208855,0.0,0.027187755098566413,step,2,1,0.2857770558912307,settle,sweep:enc:yaw:1789324580617958014,sweep:enc:yaw:1789324580617958014,FFFFFFFFF9D6,"{""counts"":-1578}",1,1,1,1,0,0,0,5.834316,0,0,0,1801883052132765,1,,1801883049171734,1801882997540161,1801883052132765,1801883057967081
65,1,yaw,1,-1,rest,0.2,10,0.0,0.0,0.0,0,1,1:00000A,1801882997540161,1789324580638714128,1801883079862262,1789324580667492993,2.596431665122509,0.817462245002389,0.003834652015939355,1,-1578,0.6051554208208855,0.0,0.021601733984425664,step,3,1,6.400514394044876e-07,rest,sweep:enc:yaw:1789324580638712048,sweep:enc:yaw:1789324580638712048,FFFFFFFFF9D6,"{""counts"":-1578}",1,1,0,0,0,0,0,6.127763,1,0,0,1801883073734499,1,,1801883069925928,1801882997540161,1801883073734499,1801883079862262
66,1,yaw,1,-1,rest,0.2,10,0.0,0.0,0.0,0,1,1:00000A,1801883100812460,1789324580667354046,1801883112671688,1789324580696082414,2.629264932125807,0.8502955120056868,0.03666791901923716,1,-1578,0.6051554208208855,0.0,0.032833267003297806,step,3,1,0.028634477872401476,rest,sweep:yaw:1789324580667339838;sweep:enc:yaw:1789324580667352158,sweep:enc:yaw:1789324580667352158,FFFFFFFFF9D6,"{""counts"":-1578}",1,1,0,0,0,0,0,6.103922,1,0,0,1801883106567766,1,,1801883098565814,1801883100812460,1801883106567766,1801883112671688
67,1,yaw,1,-1,rest,0.2,10,0.0,0.0,0.0,0,1,1:00000A,1801883100812460,1789324580695925291,1801883134557524,1789324580724627002,2.651131120044738,0.872161699924618,0.058534106938168406,1,-1578,0.6051554208208855,0.0,0.021866187918931246,step,3,1,0.0572070989292115,rest,sweep:enc:yaw:1789324580695923179,sweep:enc:yaw:1789324580695923179,FFFFFFFFF9D6,"{""counts"":-1578}",1,1,0,0,0,0,0,6.12357,1,0,0,1801883128433954,1,,1801883127137091,1801883100812460,1801883128433954,1801883134557524
68,1,yaw,1,-1,rest,0.2,10,0.0,0.0,0.0,0,1,1:00000A,1801883100812460,1789324580724493271,1801883166385167,1789324580753192103,2.683399413013831,0.9044299928937107,0.09080239990726113,1,-1578,0.6051554208208855,0.0,0.03226829296909273,step,3,1,0.08577571902424097,rest,sweep:enc:yaw:1789324580724491319,sweep:enc:yaw:1789324580724491319,FFFFFFFFF9D6,"{""counts"":-1578}",1,1,0,0,0,0,0,5.68292,1,0,0,1801883160702247,1,,1801883155705071,1801883100812460,1801883160702247,1801883166385167
69,1,yaw,1,-1,rest,0.2,10,0.0,0.0,0.0,0,1,1:00000A,1801883100812460,1789324580753062948,1801883193234963,1789324580781780244,2.709974033990875,0.9310046138707548,0.11737702088430524,1,-1578,0.6051554208208855,0.0,0.026574620977044106,step,3,1,0.11434648395515978,rest,sweep:enc:yaw:1789324580753061092,sweep:enc:yaw:1789324580753061092,FFFFFFFFF9D6,"{""counts"":-1578}",1,1,0,0,0,0,0,5.958095,1,0,0,1801883187276868,1,,1801883184274748,1801883100812460,1801883187276868,1801883193234963
70,1,yaw,1,-1,rest,0.2,10,0.0,0.0,0.0,0,1,1:00000A,1801883214162536,1789324580781637009,1801883226041189,1789324580810358721,2.7426223361399025,0.9636529160197824,0.15002532303333282,1,-1578,0.6051554208208855,0.0,0.032648302149027586,step,3,1,0.14291728101670742,rest,sweep:yaw:1789324580781622672;sweep:enc:yaw:1789324580781634928,sweep:enc:yaw:1789324580781634928,FFFFFFFFF9D6,"{""counts"":-1578}",1,1,0,0,0,0,0,6.116019,1,0,0,1801883219925170,1,,1801883212848745,1801883214162536,1801883219925170,1801883226041189
71,1,yaw,1,-1,rest,0.2,10,0.0,0.0,0.0,0,1,1:00000A,1801883214162536,1789324580810205661,1801883247959346,1789324580838843659,2.764481004094705,0.9855115839745849,0.17188399098813534,1,-1578,0.6051554208208855,0.0,0.021858667954802513,step,3,1,0.17148970905691385,rest,sweep:enc:yaw:1789324580810203773,sweep:enc:yaw:1789324580810203773,FFFFFFFFF9D6,"{""counts"":-1578}",1,1,0,0,0,0,0,6.175508,0,0,0,1801883241783838,1,,1801883241417429,1801883214162536,1801883241783838,1801883247959346
