kp,ki,kd,score
6.0,0.0,0.0,0.12204432732216985
6.0,0.05,0.0,0.12205758155542759
6.0,0.0,0.01,0.12206568729403987
6.0,0.05,0.01,0.12207910354438745
6.0,0.0,0.02,0.12208731642080656
6.0,0.05,0.02,0.12210089538686329
6.0,0.1,0.0,0.12211052840516042
8.0,0.0,0.2,0.12211413873561933
8.0,0.05,0.2,0.12212180753344877
8.0,0.1,0.02,0.12212300073094498
8.0,0.1,0.2,0.12213038588729412
6.0,0.1,0.01,0.1221340954619877
8.0,0.0,0.02,0.12213972645315603
8.0,0.05,0.02,0.12214457362575715
8.0,0.1,0.01,0.12214571780248884
6.0,0.0,0.05,0.12215434153047659
6.0,0.1,0.02,0.12215793339655069
8.0,0.05,0.01,0.12216076238432899
6.0,0.05,0.05,0.12216681806238038
8.0,0.0,0.01,0.12217587972341028
8.0,0.25,0.02,0.12218303830025655
8.0,0.0,0.05,0.12218834041325415
8.0,0.05,0.05,0.12219415343968999
8.0,0.1,0.05,0.122200039426155
8.0,0.0,0.0,0.12220453117110304
8.0,0.05,0.0,0.12220923885419752
8.0,0.1,0.0,0.12221402611014158
8.0,0.0,0.1,0.12221973402917999
8.0,0.05,0.1,0.12222504333507601
8.0,0.25,0.01,0.12222948786185167
8.0,0.1,0.1,0.12223046181474732
6.0,0.1,0.05,0.12224485419371678
6.0,0.0,0.1,0.12227573695841622
6.0,0.05,0.1,0.1222926074917039
8.0,0.25,0.0,0.12229517960976694
8.0,0.25,0.05,0.12231318653274961
8.0,0.25,0.2,0.1223137746870741
8.0,0.5,0.02,0.1223798136572302
8.0,0.25,0.1,0.12238100594844277
6.0,0.1,0.1,0.12239213680587609
8.0,0.5,0.01,0.12242377740498936
10.0,0.0,0.2,0.12242689498898568
10.0,0.05,0.2,0.12243068861961465
10.0,0.1,0.2,0.12243452359094187
6.0,0.25,0.0,0.12243942833653947
8.0,0.5,0.05,0.122451022915191
6.0,0.25,0.01,0.12246536985019506
8.0,0.5,0.0,0.12248692403303599
6.0,0.25,0.02,0.12249136437634528
10.0,0.25,0.2,0.12249906946641755
5.0,0.0,0.0,0.12252244173224042
6.0,0.0,0.2,0.12254241831642462
5.0,0.0,0.01,0.12255430877395161
6.0,0.05,0.2,0.12256413428386255
8.0,0.5,0.2,0.12257006232270314
10.0,0.0,0.1,0.12257072197908506
10.0,0.05,0.1,0.12257420790356666
10.0,0.1,0.1,0.1225777328169603
5.0,0.05,0.0,0.12258375196615752
5.0,0.0,0.02,0.12258655361408932
10.0,0.25,0.1,0.12259443021382438
5.0,0.05,0.01,0.12261731469938142
6.0,0.25,0.05,0.12263387244580043
5.0,0.05,0.02,0.12265131246983746
8.0,0.5,0.1,0.12265132027449215
10.0,0.5,0.2,0.12265522432128526
5.0,0.0,0.05,0.12268548398882045
10.0,0.0,0.05,0.12268853312851905
10.0,0.05,0.05,0.12269298607249565
10.0,0.5,0.1,0.122694566545354
10.0,0.1,0.05,0.12269747871079585
6.0,0.1,0.2,0.12269774028975221
8.0,1.0,0.02,0.12270242777189812
10.0,0.25,0.05,0.1227111808850509
5.0,0.05,0.05,0.12275551367780171
8.0,1.0,0.01,0.12275832114144701
10.0,0.5,0.05,0.12277490750402141
5.0,0.1,0.0,0.12277950621386574
8.0,1.0,0.0,0.12278556304344977
8.0,1.0,0.05,0.12279414853281163
6.0,0.25,0.1,0.12279546877736153
5.0,0.1,0.01,0.12281480241372109
5.0,0.0,0.1,0.12284119526347968
5.0,0.1,0.02,0.12285048019808362
10.0,1.0,0.1,0.12286001588455239
10.0,1.0,0.05,0.1229139757307747
5.0,0.05,0.1,0.12292918532215126
10.0,1.0,0.2,0.12293139619306363
6.0,0.5,0.0,0.12293495909794037
5.0,0.1,0.05,0.12295973545616179
6.0,0.5,0.01,0.12296674249208338
6.0,0.5,0.02,0.12299858363047685
8.0,1.0,0.1,0.12302166917086549
8.0,1.0,0.2,0.12307694626360706
10.0,0.0,0.02,0.12310821789258154
10.0,0.05,0.02,0.12311173538188662
10.0,0.1,0.02,0.12311529093852422
10.0,0.25,0.02,0.12312617390028364
6.0,0.25,0.2,0.12313580082150834
5.0,0.1,0.1,0.1231506104926744
10.0,2.0,0.1,0.12315186996354965
12.0,0.0,0.2,0.12315940577101656
12.0,0.05,0.2,0.12316198678332355
12.0,0.1,0.2,0.12316459441637874
10.0,2.0,0.05,0.12316460230739683
12.0,0.25,0.2,0.12317257003157127
8.0,2.0,0.01,0.12319248722234204
10.0,0.5,0.02,0.12320113500442571
8.0,2.0,0.02,0.12321120184457111
6.0,0.5,0.05,0.12321328500526191
8.0,2.0,0.0,0.12321748643487616
12.0,0.5,0.2,0.12323512097001826
10.0,0.0,0.01,0.12326676448552439
10.0,0.05,0.01,0.12326997053273298
10.0,0.1,0.01,0.12327321384155944
10.0,0.25,0.01,0.12328315558550233
5.0,0.0,0.2,0.12330717626087166
10.0,2.0,0.2,0.12332753843738216
12.0,1.0,0.2,0.12334086519929197
10.0,1.0,0.02,0.1233481538029382
10.0,0.5,0.01,0.12335252961418486
8.0,2.0,0.05,0.12336842416950607
5.0,0.05,0.2,0.12342548787077771
6.0,0.5,0.1,0.12342696385573634
5.0,0.25,0.0,0.12343979053545877
5.0,0.25,0.01,0.12347422832237957
10.0,1.0,0.01,0.12349316049912479
5.0,0.25,0.02,0.12350858916201218
10.0,0.0,0.0,0.12351194261359394
10.0,0.05,0.0,0.12351467729610852
10.0,0.1,0.0,0.12351744886141944
4.0,0.0,0.0,0.12351864238655766
10.0,0.25,0.0,0.12352597342431601
12.0,2.0,0.2,0.12354678140161407
10.0,2.0,0.02,0.12354793511752594
4.0,0.0,0.01,0.12357802326728826
10.0,0.5,0.0,0.1235891373847885
5.0,0.25,0.05,0.12361112114848812
4.0,0.0,0.02,0.12363982454527597
4.0,0.05,0.0,0.12367583836668372
5.0,0.1,0.2,0.12367610928477044
8.0,2.0,0.1,0.12371069357979958
10.0,2.0,0.01,0.1237139477410395
10.0,1.0,0.0,0.12372197161273485
4.0,0.05,0.01,0.12373190768733267
6.0,1.0,0.0,0.12374458148074868
8.0,2.0,0.2,0.12377578559393078
6.0,1.0,0.01,0.12378576428731385
4.0,0.05,0.02,0.12381232276443642
6.0,1.0,0.02,0.12382701231366149
4.0,0.0,0.05,0.12383044237833275
5.0,0.25,0.1,0.1238361515230542
10.0,2.0,0.0,0.1238804669125707
6.0,0.5,0.2,0.12388177076106831
4.0,0.1,0.0,0.12399569140470204
4.0,0.05,0.05,0.12401832901207104
4.0,0.1,0.01,0.12404868499608177
6.0,1.0,0.05,0.12410356961464451
4.0,0.0,0.1,0.1241129979553822
4.0,0.1,0.02,0.12414674456991967
4.0,0.05,0.1,0.1243252404056472
4.0,0.1,0.05,0.12436755683993435
5.0,0.25,0.2,0.12437995778360308
5.0,0.5,0.0,0.12440550347881445
5.0,0.5,0.01,0.12444885692325092
6.0,1.0,0.1,0.12445669578426741
5.0,0.5,0.02,0.12449214114463804
5.0,0.5,0.05,0.12462142157398202
4.0,0.1,0.1,0.12469778010631101
6.0,2.0,0.0,0.12484815170239282
4.0,0.0,0.2,0.12489771407070464
6.0,2.0,0.01,0.12490125383674827
4.0,0.25,0.0,0.12490902541691083
5.0,0.5,0.1,0.1249513894344662
6.0,2.0,0.02,0.12495455662571658
4.0,0.25,0.01,0.12498657919906701
6.0,1.0,0.2,0.12509597449412388
4.0,0.25,0.02,0.12514965002130302
4.0,0.05,0.2,0.12516677900923348
6.0,2.0,0.05,0.1252710679911712
4.0,0.25,0.05,0.1253344920611544
12.0,0.0,0.1,0.12534159422487945
12.0,0.05,0.1,0.12534271590272042
12.0,0.1,0.1,0.12534384755632286
12.0,0.25,0.1,0.1253472995098294
12.0,0.5,0.1,0.12535647330449934
12.0,0.5,0.05,0.12537356829403548
12.0,0.25,0.05,0.1253756651386036
12.0,0.1,0.05,0.12537705276903147
12.0,0.05,0.05,0.12537753851835762
12.0,0.0,0.05,0.12537803634005504
12.0,1.0,0.05,0.12539600491344638
12.0,1.0,0.1,0.12540286642753115
12.0,2.0,0.05,0.12543774149552578
12.0,2.0,0.1,0.1254551765781997
4.0,0.1,0.2,0.12559506669707424
5.0,0.5,0.2,0.12563451954364777
12.0,0.0,0.02,0.12571288710973266
12.0,0.05,0.02,0.12571313451417948
12.0,0.1,0.02,0.12571339650449728
12.0,0.25,0.02,0.12571426689482362
12.0,0.5,0.02,0.1257159811496191
12.0,1.0,0.02,0.12574239474007462
4.0,0.25,0.1,0.12578200859803143
12.0,2.0,0.02,0.12581347634260417
12.0,0.0,0.01,0.125844227744245
12.0,0.05,0.01,0.1258444727776271
12.0,0.1,0.01,0.12584473199251187
12.0,0.25,0.01,0.12584559178814583
12.0,0.5,0.01,0.1258472817287531
6.0,2.0,0.1,0.1258500890485656
12.0,1.0,0.01,0.12586984229474474
5.0,1.0,0.0,0.12589204993579506
12.0,2.0,0.01,0.1259382786824379
3.0,0.0,0.0,0.12594226149284757
5.0,1.0,0.01,0.12594930612857755
12.0,0.0,0.0,0.12597579886791446
12.0,0.05,0.0,0.1259760416175153
12.0,0.1,0.0,0.12597629815045305
12.0,0.25,0.0,0.12597714766691148
12.0,0.5,0.0,0.1259788139225517
12.0,1.0,0.0,0.12599755373371324
5.0,1.0,0.02,0.12600646824520031
12.0,2.0,0.0,0.1260265246849056
3.0,0.0,0.01,0.12606011572071946
3.0,0.0,0.02,0.12617854481687063
5.0,1.0,0.05,0.12625217990949397
3.0,0.05,0.0,0.12638398533537237
4.0,0.5,0.0,0.126516992750762
3.0,0.05,0.01,0.12651787681809218
3.0,0.0,0.05,0.12653683952071904
4.0,0.5,0.01,0.1266316112145887
3.0,0.05,0.02,0.12664258187511573
6.0,2.0,0.2,0.12673020803842314
5.0,1.0,0.1,0.1267386683689563
4.0,0.25,0.2,0.12677991433849994
4.0,0.5,0.02,0.12689155537400784
3.0,0.05,0.05,0.12700742704548457
3.0,0.1,0.0,0.12702870828023868
4.0,0.5,0.05,0.1270697358417965
3.0,0.0,0.1,0.1271331421008369
3.0,0.1,0.01,0.12717855515373064
3.0,0.1,0.02,0.12730996297142783
3.0,0.05,0.1,0.12767018094924404
4.0,0.5,0.1,0.12767545806719763
5.0,1.0,0.2,0.12768135105046613
3.0,0.1,0.05,0.1276840023213533
5.0,2.0,0.0,0.127719692446698
5.0,2.0,0.01,0.1277930175357427
5.0,2.0,0.02,0.1278662672734913
5.0,2.0,0.05,0.12820599051236223
3.0,0.1,0.1,0.128415028989175
3.0,0.0,0.2,0.1284591810521008
4.0,0.5,0.2,0.1285975057512033
3.0,0.25,0.0,0.12877226242121395
4.0,1.0,0.0,0.1289110627493289
3.0,0.25,0.01,0.1289654410782722
4.0,1.0,0.01,0.1290018167181993
5.0,2.0,0.1,0.12906133648076193
3.0,0.05,0.2,0.12911067932083134
3.0,0.25,0.02,0.12911501385211016
4.0,1.0,0.02,0.12947798197057442
3.0,0.25,0.05,0.12952186973707058
4.0,1.0,0.05,0.12970246539702693
3.0,0.1,0.2,0.12998245762706614
5.0,2.0,0.2,0.1302400275974496
3.0,0.25,0.1,0.130430566115613
4.0,1.0,0.1,0.13058217253199314
4.0,2.0,0.0,0.13163856048879702
4.0,2.0,0.01,0.13175089589010397
4.0,2.0,0.02,0.13214204603133065
2.0,0.0,0.0,0.13303612817980986
2.0,0.0,0.01,0.13328540177648185
2.0,0.0,0.02,0.13353463233891305
2.0,0.0,0.05,0.13427628388329427
2.0,0.05,0.0,0.1346775969446789
2.0,0.05,0.01,0.13493307418107936
2.0,0.05,0.02,0.13520930405338183
2.0,0.0,0.1,0.13554467558106265
2.0,0.05,0.05,0.13598321820902648
2.0,0.05,0.1,0.13722328556188196
2.0,0.0,0.2,0.1379541762728345
2.0,0.05,0.2,0.13954405721891028
1.5,0.0,0.0,0.14145544181223063
1.5,0.0,0.01,0.14179907846179854
1.5,0.0,0.02,0.1421435827599739
1.5,0.0,0.05,0.14318420218728464
1.5,0.0,0.1,0.14491547966702878
1.5,0.0,0.2,0.1484545097251533
1.5,0.05,0.2,0.14938277146773837
1.0,0.05,0.1,0.16124751985744537
3.0,0.5,0.0,0.2314912798597844
3.0,0.25,0.2,0.2323431957540502
1.5,0.05,0.0,0.2435478467972627
1.5,0.05,0.01,0.24385765151440428
1.5,0.05,0.02,0.24412967530743035
1.5,0.05,0.05,0.24504208020081056
1.5,0.05,0.1,0.24651649694765443
1.0,0.05,0.0,0.2586138893250123
1.0,0.05,0.01,0.25890443147484654
1.0,0.05,0.02,0.25918865756528076
1.0,0.05,0.05,0.2600044857582361
3.0,0.5,0.01,0.33164673397194055
3.0,0.5,0.02,0.3317673638851723
3.0,0.5,0.05,0.33220389390082533
4.0,2.0,0.05,0.33268386594692456
4.0,2.0,0.1,0.333441314454669
4.0,2.0,0.2,0.3355621817617238
2.0,0.1,0.0,0.3365840774156617
2.0,0.1,0.01,0.33690723340331896
2.0,0.1,0.02,0.3372222248002086
2.0,0.1,0.05,0.3380734366200237
3.0,2.0,0.0,0.3394050943190288
2.0,0.1,0.1,0.33942877156278906
3.0,2.0,0.01,0.3399142469922189
3.0,2.0,0.02,0.340275434186611
3.0,2.0,0.05,0.34101879700928406
2.0,0.1,0.2,0.3420194360682362
1.5,0.1,0.0,0.3472008030736735
1.5,0.1,0.01,0.34757387228290304
1.5,0.1,0.02,0.3478761486876586
1.5,0.1,0.05,0.3488384041072099
1.5,0.1,0.1,0.35039977526556854
1.5,0.1,0.2,0.35315739365454146
2.0,2.0,0.0,0.3595802924947812
2.0,2.0,0.01,0.3598278475026062
2.0,2.0,0.02,0.3603661729014143
2.0,2.0,0.05,0.3613862968707573
2.0,2.0,0.1,0.36319383961146134
1.0,0.05,0.2,0.36333999076766443
1.0,0.1,0.0,0.3640591725603383
1.0,0.1,0.01,0.36424359709997217
1.0,0.1,0.02,0.36441929813233875
1.0,0.1,0.05,0.3650524034749296
1.0,0.1,0.1,0.3660379921031398
2.0,2.0,0.2,0.36622649625363546
1.0,0.1,0.2,0.36822869707087547
0.5,0.1,0.2,0.3857846218707366
1.5,2.0,0.2,0.39024412306720996
0.5,0.25,0.2,0.4109377789953208
3.0,0.5,0.1,0.43318357548432074
2.0,0.25,0.0,0.44159551396245095
2.0,0.25,0.01,0.4420295563795741
2.0,0.25,0.02,0.44244644471827693
2.0,0.25,0.05,0.44361056034720486
1.0,0.0,0.0,0.4585212113559872
0.5,0.1,0.1,0.4844140803768769
0.5,0.25,0.1,0.5148882557373741
4.0,1.0,0.2,0.5318515205197343
3.0,0.5,0.2,0.5355676396351385
3.0,1.0,0.0,0.5355676528598625
3.0,1.0,0.01,0.5360134616872081
3.0,1.0,0.02,0.5360813201518778
3.0,1.0,0.05,0.5367088858727151
3.0,1.0,0.1,0.5378768380732835
3.0,1.0,0.2,0.5403930138850515
3.0,2.0,0.1,0.5424075941223483
2.0,0.25,0.1,0.5452762505180602
3.0,2.0,0.2,0.5456832108445101
2.0,0.5,0.0,0.5479522605372846
2.0,0.5,0.01,0.5483525750223124
2.0,0.25,0.2,0.5485546934855531
2.0,0.5,0.02,0.5489045129139194
2.0,0.5,0.05,0.5502727106462326
2.0,0.5,0.1,0.5527214443877588
2.0,1.0,0.0,0.5541498475699544
2.0,1.0,0.01,0.554666579214464
2.0,1.0,0.02,0.5554078614772108
1.5,0.25,0.0,0.556679669516557
2.0,0.5,0.2,0.5570173375499559
1.5,0.25,0.01,0.5570772385113172
2.0,1.0,0.05,0.5573720380627154
1.5,0.25,0.02,0.557469042947772
1.5,0.25,0.05,0.5587801970537589
1.0,0.0,0.01,0.5589845105202427
1.0,0.0,0.02,0.5594454465684102
2.0,1.0,0.1,0.5601470439263306
1.0,0.0,0.05,0.5608144572730144
1.5,0.25,0.1,0.5609328513340194
1.0,0.0,0.1,0.5630522575924202
1.5,0.25,0.2,0.5647163826826799
2.0,1.0,0.2,0.5663294555991985
1.0,0.0,0.2,0.5673767947106002
1.5,0.5,0.0,0.5677639086752377
1.5,0.5,0.01,0.5685217120787879
1.5,0.5,0.02,0.5690558159283914
1.5,0.5,0.05,0.570874372036676
1.5,0.5,0.1,0.5739158702224749
1.5,1.0,0.0,0.5776073626933628
1.5,1.0,0.01,0.5783766297379778
1.5,2.0,0.0,0.5786933283218076
1.5,2.0,0.01,0.5788701835540411
1.5,2.0,0.02,0.5790348961206935
1.5,0.5,0.2,0.5791538953509101
1.5,1.0,0.02,0.5793663069264663
1.5,2.0,0.05,0.5795599916074184
1.5,1.0,0.05,0.5818881908712248
1.0,0.25,0.0,0.5832184347424304
1.5,2.0,0.1,0.5832290701182986
1.0,0.25,0.01,0.5835401658847582
1.0,0.25,0.02,0.5838501389443704
0.5,0.1,0.05,0.5846776010487404
1.0,0.25,0.05,0.584711606197872
0.5,0.1,0.02,0.5847943726737326
0.5,0.1,0.01,0.5848254725708121
0.5,0.1,0.0,0.5848523744916887
0.5,0.05,0.0,0.5851937063853923
0.5,0.05,0.01,0.5857808143441439
1.5,1.0,0.1,0.5859258598693569
1.0,0.25,0.1,0.5859315826851268
0.5,0.05,0.02,0.5863651507499182
1.0,0.25,0.2,0.5876509751914475
0.5,0.05,0.05,0.5881014210337242
0.5,0.05,0.1,0.5909388897572394
1.5,1.0,0.2,0.5936254697073053
0.5,0.05,0.2,0.5964005923989223
0.5,0.0,0.0,0.5973403681707474
0.5,0.0,0.01,0.5979616288969919
0.5,0.0,0.02,0.5985786535369793
0.5,0.0,0.05,0.6004045552948563
0.5,0.0,0.1,0.6033653174172352
1.0,0.5,0.0,0.605301463671611
1.0,0.5,0.01,0.6058653718566901
1.0,0.5,0.02,0.6063994769539712
1.0,0.5,0.05,0.6079658570475434
0.5,0.0,0.2,0.6089894439347083
1.0,0.5,0.1,0.6103079153310871
1.0,0.5,0.2,0.6140831080712816
1.0,2.0,0.0,0.614333425768845
1.0,2.0,0.01,0.6155124003207548
1.0,2.0,0.02,0.6164292612057078
0.5,0.25,0.05,0.6167017944885395
0.5,0.25,0.02,0.617717412299287
0.5,0.25,0.01,0.6180417771536942
0.5,0.25,0.0,0.6183584130329121
1.0,2.0,0.05,0.619269635810434
1.0,1.0,0.0,0.6216245265088223
1.0,1.0,0.01,0.6226820437951914
1.0,1.0,0.02,0.6237387717428503
1.0,2.0,0.1,0.6241033348309211
1.0,1.0,0.05,0.6268092587495483
1.0,1.0,0.1,0.6315835551546302
1.0,2.0,0.2,0.6331241050541146
1.0,1.0,0.2,0.6400398772205811
0.5,0.5,0.2,0.6657831597575736
0.5,0.5,0.1,0.6679391291246283
0.5,0.5,0.05,0.6684967521012941
0.5,0.5,0.02,0.668656986079891
0.5,0.5,0.01,0.6686763140183157
0.5,0.5,0.0,0.6686802156976863
0.5,2.0,0.0,0.6934676555557981
0.5,2.0,0.01,0.6944215437612529
0.5,2.0,0.02,0.69534762663056
0.5,2.0,0.05,0.6982622466587307
0.5,2.0,0.1,0.7026998852748616
0.5,1.0,0.0,0.7076989422825927
0.5,1.0,0.01,0.7086736854422881
0.5,2.0,0.2,0.7093986904224726
0.5,1.0,0.02,0.7096113335282985
0.5,1.0,0.05,0.712208090519715
0.5,1.0,0.1,0.7158618304045801
0.5,1.0,0.2,0.7209960828561444
