axis,scenario,time_s,reference_rad,theta_rad,omega_rad_s,command_rad_s,error_rad,rate_limited,accel_limited
pitch,step_pos_0p10,0.0,0.0,0.0,0.0,0.0,0.0,0,0
pitch,step_pos_0p10,0.02,0.0,-4.67440683584747e-06,-0.00041898015867762866,2.804644101508482e-05,4.67440683584747e-06,0,0
pitch,step_pos_0p10,0.04,0.0,-1.5220351938847295e-05,-0.0006131554449169687,9.132211163308378e-05,1.5220351938847295e-05,0,0
pitch,step_pos_0p10,0.06,0.0,-2.820818277560578e-05,-0.0006781142992527504,0.00016924909665363467,2.820818277560578e-05,0,0
pitch,step_pos_0p10,0.08,0.0,-4.169765153794148e-05,-0.0006715874879158704,0.0002501859092276489,4.169765153794148e-05,0,0
pitch,step_pos_0p10,0.1,0.0,-5.464366942433584e-05,-0.0006280499816782037,0.00032786201654601505,5.464366942433584e-05,0,0
pitch,step_pos_0p10,0.12,0.0,-6.653192327359434e-05,-0.0005677498954091926,0.00039919153964156605,6.653192327359434e-05,0,0
pitch,step_pos_0p10,0.14,0.0,-7.715652342001392e-05,-0.0005022823011521121,0.0004629391405200835,7.715652342001392e-05,0,0
pitch,step_pos_0p10,0.16,0.0,-8.648524495960515e-05,-0.0004380223545140446,0.000518911469757631,8.648524495960515e-05,0,0
pitch,step_pos_0p10,0.18,0.0,-9.457864797288905e-05,-0.0003782333282183678,0.0005674718878373343,9.457864797288905e-05,0,0
pitch,step_pos_0p10,0.2,0.0,-0.00010154221872157449,-0.0003243554290369173,0.000609253312329447,0.00010154221872157449,0,0
pitch,step_pos_0p10,0.22,0.0,-0.00010749864634259969,-0.00027678901034125004,0.0006449918780555981,0.00010749864634259969,0,0
pitch,step_pos_0p10,0.24,0.0,-0.0001125722905218957,-0.00023536646563250885,0.0006754337431313742,0.0001125722905218957,0,0
pitch,step_pos_0p10,0.26,0.1,-0.00011688095532374838,-0.00019963305049368796,0.07067543374313139,0.10011688095532376,1,1
pitch,step_pos_0p10,0.28,0.1,0.00026813479381795625,0.03466827878001151,0.1406754337431314,0.09973186520618205,1,1
pitch,step_pos_0p10,0.3,0.1,0.0015435600178939665,0.08683991305198076,0.2106754337431314,0.09845643998210604,1,1
pitch,step_pos_0p10,0.32,0.1,0.003958320773481982,0.14760758765082016,0.2806754337431314,0.09604167922651802,1,1
pitch,step_pos_0p10,0.34,0.1,0.00763607706657142,0.21264555204141644,0.3506754337431314,0.09236392293342859,1,1
pitch,step_pos_0p10,0.36,0.1,0.012638259979514762,0.27980488559876515,0.42067543374313143,0.08736174002048525,1,1
pitch,step_pos_0p10,0.38,0.1,0.018995386880064035,0.34801806031470106,0.48602767871961583,0.08100461311993597,0,0
pitch,step_pos_0p10,0.4,0.1,0.0266968023572184,0.4144408272875528,0.43981918585668967,0.0733031976427816,0,0
pitch,step_pos_0p10,0.42,0.1,0.03509709342323376,0.4244326003250798,0.3894174394605975,0.06490290657676624,0,0
pitch,step_pos_0p10,0.44,0.1,0.04336116991666053,0.40430326896658153,0.33983298050003685,0.056638830083339475,0,0
pitch,step_pos_0p10,0.46,0.1,0.05106025841482304,0.36961744876081515,0.29363844951106177,0.048939741585176964,0,0
pitch,step_pos_0p10,0.48,0.1,0.05800378285345793,0.3293880502169896,0.25197730287925246,0.04199621714654207,0,0
pitch,step_pos_0p10,0.5,0.1,0.06413717539394721,0.28866173396606726,0.21517694763631676,0.03586282460605279,0,0
pitch,step_pos_0p10,0.52,0.1,0.06948028647404371,0.25010855274269106,0.18311828115573778,0.030519713525956296,0,0
pitch,step_pos_0p10,0.54,0.1,0.0740907155455269,0.21499562309895406,0.15545570672683862,0.025909284454473103,0,0
pitch,step_pos_0p10,0.56,0.1,0.07804237081715078,0.18378035707703588,0.13174577509709537,0.021957629182849228,0,0
pitch,step_pos_0p10,0.58,0.1,0.08141327757784864,0.15646920971698142,0.11152033453290822,0.01858672242215137,0,0
pitch,step_pos_0p10,0.6,0.1,0.08427895365898576,0.13283231395796502,0.09432627804608548,0.015721046341014247,0,0
pitch,step_pos_0p10,0.62,0.1,0.08670909334196637,0.11252989421976764,0.0797454399482018,0.013290906658033633,0,0
pitch,step_pos_0p10,0.64,0.1,0.08876618032703804,0.09518497107728034,0.06740291803777182,0.01123381967296197,0,0
pitch,step_pos_0p10,0.66,0.1,0.09050519283433534,0.08042362233571754,0.05696884299398802,0.00949480716566467,0,0
pitch,step_pos_0p10,0.68,0.1,0.09197389771641311,0.06789586459748843,0.048156613701521384,0.008026102283586897,0,0
pitch,step_pos_0p10,0.7000000000000001,0.1,0.09321343516484004,0.05728514812260571,0.04071938901095978,0.006786564835159964,0,0
pitch,step_pos_0p10,0.72,0.1,0.09425902052066454,0.048311327018808636,0.034445876876012804,0.005740979479335467,0,0
pitch,step_pos_0p10,0.74,0.1,0.09514066542416848,0.040730038337179544,0.02915600745498917,0.004859334575831528,0,0
pitch,step_pos_0p10,0.76,0.1,0.09588386599900915,0.03433023943570618,0.024696804005945122,0.004116134000990854,0,0
pitch,step_pos_0p10,0.78,0.1,0.09651023267478752,0.02893092889159258,0.02093860395127492,0.0034897673252124867,0,0
pitch,step_pos_0p10,0.8,0.1,0.09703805184781776,0.024377636156933006,0.01777168891309347,0.002961948152182245,0,0
pitch,step_pos_0p10,0.8200000000000001,0.1,0.09748277832491226,0.020538999942056303,0.015103330050526498,0.0025172216750877496,0,0
pitch,step_pos_0p10,0.84,0.1,0.09785746213335782,0.017303597438447435,0.012855227199853131,0.0021425378666421885,0,0
pitch,step_pos_0p10,0.86,0.1,0.09817311549293668,0.014577094210727722,0.010961307042379936,0.0018268845070633227,0,0
pitch,step_pos_0p10,0.88,0.1,0.09843902655723473,0.012279732134046206,0.009365840656591656,0.001560973442765276,0,0
pitch,step_pos_0p10,0.9,0.1,0.09866302656125386,0.010344144272135305,0.008021840632476851,0.0013369734387461418,0,0
pitch,step_pos_0p10,0.92,0.1,0.09885171663140632,0.008713471353671514,0.0068897002115621,0.0011482833685936833,0,0
pitch,step_pos_0p10,0.9400000000000001,0.1,0.09901065994090763,0.007339748569630801,0.005936040354554251,0.000989340059092375,0,0
pitch,step_pos_0p10,0.96,0.1,0.0991445442542435,0.006182530177821394,0.005132734474539019,0.0008554557457565032,0,0
pitch,step_pos_0p10,0.98,0.1,0.09925731926856358,0.0052077206963252725,0.004456084388618525,0.0007426807314364209,0,0
pitch,step_pos_0p10,1.0,0.1,0.09935231256385953,0.00438658401047555,0.003886124616842873,0.0006476874361404789,0,0
pitch,step_pos_0p10,1.02,0.1,0.09943232743423373,0.0036949047615733566,0.003406035394597634,0.0005676725657662723,0,0
pitch,step_pos_0p10,1.04,0.1,0.09949972539477903,0.003112279509241263,0.0030016476313258766,0.0005002746052209794,0,0
pitch,step_pos_0p10,1.06,0.1,0.09955649574166277,0.0026215181383021976,0.002661025550023427,0.00044350425833723783,0,0
pitch,step_pos_0p10,1.08,0.1,0.09960431418283221,0.002208138706383903,0.002374114903006791,0.0003956858171677985,0,0
pitch,step_pos_0p10,1.1,0.1,0.0996445922477898,0.0018599413582173294,0.0021324465132611936,0.00035540775221019894,0,0
pitch,step_pos_0p10,1.12,0.1,0.09967851892117016,0.0015666490625790407,0.0019288864729790633,0.0003214810788298439,0,0
pitch,step_pos_0p10,1.1400000000000001,0.1,0.09970709572056273,0.001319604773711743,0.001757425676623653,0.0002929042794372755,0,0
pitch,step_pos_0p10,1.16,0.1,0.09973116624876675,0.001111516206025926,0.0016130025073995136,0.00026883375123325226,0,0
pitch,step_pos_0p10,1.18,0.1,0.09975144108957701,0.000936240767580513,0.001491353462537981,0.0002485589104229968,0,0
pitch,step_pos_0p10,1.2,0.1,0.09976851877999629,0.0007886043530055454,0.0013888873200222918,0.0002314812200037153,0,0
pitch,step_pos_0p10,1.22,0.1,0.09978290347672582,0.000664248677244938,0.001302579139645127,0.00021709652327418782,0,0
pitch,step_pos_0p10,1.24,0.1,0.09979501983768149,0.000559502662347609,0.0012298809739110794,0.00020498016231851324,0,0
pitch,step_pos_0p10,1.26,0.1,0.09980522555736944,0.00047127409234287644,0.0011686466557833952,0.00019477444263056587,0,0
pitch,step_pos_0p10,1.28,0.1,0.09981382192588027,0.00039695834506394496,0.0011170684447183998,0.0001861780741197333,0,0
pitch,step_pos_0p10,1.3,0.1,0.09982106272303194,0.00033436151111650527,0.0010736236618083816,0.0001789372769680636,0,0
pitch,step_pos_0p10,1.32,0.1,0.09982716171011399,0.00028163563317960306,0.0010370297393160754,0.00017283828988601257,0,0
pitch,step_pos_0p10,1.34,0.1,0.09983229894032981,0.00023722415555733545,0.00100620635802115,0.00016770105967019167,0,0
pitch,step_pos_0p10,1.36,0.1,0.09983662607418727,0.00019981597465230472,0.000980243554876442,0.00016337392581274035,0,0
pitch,step_pos_0p10,1.3800000000000001,0.1,0.09984027085672952,0.0001683067345288645,0.0009583748596229402,0.00015972914327049004,0,0
pitch,step_pos_0p10,1.4000000000000001,0.1,0.09984334088876487,0.00014176622536354408,0.0009399546674108139,0.00015665911123513565,0,0
pitch,step_pos_0p10,1.42,0.1,0.09984592680341835,0.00011941092258704305,0.0009244391794899498,0.0001540731965816583,0,0
pitch,step_pos_0p10,1.44,0.1,0.09984810494177612,0.00010058085618547826,0.000911370349343299,0.00015189505822388316,0,0
pitch,step_pos_0p10,1.46,0.1,0.09984993960660862,8.472012740044938e-05,0.0009003623603482946,0.00015006039339138244,0,0
pitch,step_pos_0p10,1.48,0.1,0.09985148496070394,7.136049770733141e-05,0.0008910902357764094,0.00014851503929606824,0,0
pitch,step_pos_0p10,1.5,0.1,0.09985278662585231,6.0107565626332514e-05,0.0008832802448861532,0.0001472133741476922,0,0
pitch,step_pos_0p10,1.52,0.1,0.09985388302968572,5.062912330378788e-05,0.0008767018218857336,0.00014611697031428894,0,0
pitch,step_pos_0p10,1.54,0.1,0.09985480654013314,4.264534914318184e-05,0.0008711607592012116,0.0001451934598668686,0,0
pitch,step_pos_0p10,1.56,0.1,0.09985558442098258,3.592054696304728e-05,0.0008664934741045571,0.0001444155790174262,0,0
pitch,step_pos_0p10,1.58,0.1,0.09985623963675952,3.0256187811643492e-05,0.0008625621794429161,0.00014376036324048602,0,0
pitch,step_pos_0p10,1.6,0.1,0.09985679153068301,2.5485049023037502e-05,0.000859250815901963,0.00014320846931699382,0,0
pitch,step_pos_0p10,1.62,0.1,0.09985725639571424,2.1466277491174266e-05,0.0008564616257145663,0.00014274360428576105,0,0
pitch,step_pos_0p10,1.6400000000000001,0.1,0.09985764795555568,1.808123142106358e-05,0.0008541122666659295,0.0001423520444443216,0,0
pitch,step_pos_0p10,1.6600000000000001,0.1,0.09985797776980085,1.5229977798896077e-05,0.0008521333811949416,0.00014202223019915694,0,0
pitch,step_pos_0p10,1.68,0.1,0.09985825557519552,1.2828342180251691e-05,0.0008504665488268948,0.00014174442480448246,0,0
pitch,step_pos_0p10,1.7,0.1,0.09985848957308503,1.0805423700741981e-05,0.0008490625614898384,0.00014151042691497306,0,0
pitch,step_pos_0p10,1.72,0.1,0.09985868667153357,9.101501947751687e-06,0.0008478799707986318,0.00014131332846643863,0,0
pitch,step_pos_0p10,1.74,0.1,0.09985885268926345,7.66627390029074e-06,0.0008468838644193344,0.00014114731073655573,0,0
pitch,step_pos_0p10,1.76,0.1,0.09985899252743487,6.457368887926967e-06,0.0008460448353908301,0.00014100747256513835,0,0
pitch,step_pos_0p10,1.78,0.1,0.0998591103143375,5.4390977279631096e-06,0.0008453381139750249,0.00014088968566250415,0,0
pitch,step_pos_0p10,1.8,0.1,0.09985920952726549,4.581399112673343e-06,0.0008447428364071197,0.00014079047273451994,0,0
pitch,step_pos_0p10,1.82,0.1,0.0998592930951738,3.858952142245355e-06,0.0008442414289572264,0.0001407069048262044,0,0
pitch,step_pos_0p10,1.84,0.1,0.09985936348514658,3.2504288034376393e-06,0.0008438190891205399,0.00014063651485342332,0,0
pitch,step_pos_0p10,1.86,0.1,0.09985942277523015,2.7378643260048815e-06,0.0008434633486191501,0.00014057722476985834,0,0
pitch,step_pos_0p10,1.8800000000000001,0.1,0.09985947271578091,2.306126828437317e-06,0.0008431637053145646,0.0001405272842190941,0,0
pitch,step_pos_0p10,1.9000000000000001,0.1,0.09985951478113926,1.942470595901851e-06,0.0008429113131644683,0.00014048521886074472,0,0
pitch,step_pos_0p10,1.92,0.1,0.09985955021315482,1.636159802361684e-06,0.0008426987210711223,0.00014044978684518705,0,0
pitch,step_pos_0p10,1.94,0.1,0.09985958005784833,1.3781515687010348e-06,0.0008425196529100731,0.00014041994215167886,0,0
pitch,step_pos_0p10,1.96,0.1,0.09985960519629208,1.1608289994423443e-06,0.0008423688222475301,0.00014039480370792168,0,0
pitch,step_pos_0p10,1.98,0.1,0.09985962637062093,9.777763176127268e-07,0.000842241776274455,0.00014037362937907583,0,0
pitch,step_pos_0p10,2.0,0.1,0.09985964420594146,8.235894586946114e-07,0.0008421347643512989,0.0001403557940585498,0,0
pitch,step_pos_0p10,2.02,0.1,0.09985965922878638,6.93716532371811e-07,0.0008420446272817406,0.00014034077121362343,0,0
pitch,step_pos_0p10,2.04,0.1,0.09985967188265873,5.843234419505298e-07,0.0008419687040476243,0.0001403281173412707,0,0
pitch,step_pos_0p10,2.06,0.1,0.099859682541125,4.921806946835877e-07,0.0008419047532500501,0.00014031745887500835,0,0
pitch,step_pos_0p10,2.08,0.1,0.09985969151884341,4.145680607821536e-07,0.0008418508869395547,0.00014030848115659245,0,0
pitch,step_pos_0p10,2.1,0.1,0.09985969908085336,3.491942672174998e-07,0.000841805514879862,0.00014030091914664367,0,0
pitch,step_pos_0p10,2.12,0.1,0.09985970545039982,2.9412935486825063e-07,0.0008417672976011037,0.00014029454960018395,0,0
pitch,step_pos_0p10,2.14,0.1,0.09985971081552396,2.4774770240902e-07,0.0008417351068562839,0.00014028918447604732,0,0
pitch,step_pos_0p10,2.16,0.1,0.09985971533461448,2.0868003493450387e-07,0.0008417079923131732,0.00014028466538552886,0,0
pitch,step_pos_0p10,2.18,0.1,0.09985971914108355,1.7577300033434801e-07,0.0008416851534987502,0.00014028085891645836,0,0
pitch,step_pos_0p10,2.2,0.1,0.09985972234730542,1.4805512016091227e-07,0.0008416659161675222,0.00014027765269458703,0,0
pitch,step_pos_0p10,2.22,0.1,0.09985972504793386,1.2470810964884773e-07,0.0008416497123968636,0.00014027495206614393,0,0
pitch,step_pos_0p10,2.24,0.1,0.09985972732269657,1.0504272052183311e-07,0.0008416360638205944,0.0001402726773034324,0,0
pitch,step_pos_0p10,2.2600000000000002,0.1,0.0998597292387489,8.847839300444037e-08,0.0008416245675066103,0.00014027076125110172,0,0
pitch,step_pos_0p10,2.2800000000000002,0.1,0.09985973085265637,7.452611651466765e-08,0.0008416148840618143,0.00014026914734363571,0,0
pitch,step_pos_0p10,2.3000000000000003,0.1,0.09985973221206461,6.277399322848766e-08,0.0008416067276123818,0.00014026778793539696,0,0
pitch,step_pos_0p10,2.32,0.1,0.09985973335710593,5.2875078013965105e-08,0.0008415998573644279,0.00014026664289407131,0,0
pitch,step_pos_0p10,2.34,0.1,0.09985973432158417,4.453713602443824e-08,0.0008415940704950275,0.00014026567841583792,0,0
pitch,step_pos_0p10,2.36,0.1,0.09985973513397252,3.7514015264071834e-08,0.0008415891961649213,0.0001402648660274869,0,0
pitch,step_pos_0p10,2.38,0.1,0.09985973581825426,3.159837987123246e-08,0.0008415850904744671,0.0001402641817457445,0,0
pitch,step_pos_0p10,2.4,0.1,0.0998597363946307,2.6615588975101833e-08,0.0008415816322158709,0.00014026360536931182,0,0
pitch,step_pos_0p10,2.42,0.1,0.09985973688011757,2.24185410789308e-08,0.0008415787192946333,0.0001402631198824389,0,0
pitch,step_pos_0p10,2.44,0.1,0.09985973728904736,1.8883331266170976e-08,0.0008415762657158765,0.00014026271095264609,0,0
pitch,step_pos_0p10,2.46,0.1,0.09985973763349247,1.590559342801184e-08,0.0008415741990452086,0.00014026236650753476,0,0
pitch,step_pos_0p10,2.48,0.1,0.09985973792362156,1.3397419044264182e-08,0.000841572458270684,0.00014026207637844734,0,0
pitch,step_pos_0p10,2.5,0.1,0.0998597381679998,1.128476207040937e-08,0.0008415709920012449,0.00014026183200020748,0,0
pitch,step_pos_0p10,2.52,0.1,0.09985973837384171,9.505252829751453e-09,0.0008415697569497671,0.00014026162615829452,0,0
pitch,step_pos_0p10,2.54,0.1,0.09985973854722414,8.006356782227677e-09,0.0008415687166551666,0.0001402614527758611,0,0
pitch,step_pos_0p10,2.56,0.1,0.09985973869326566,6.743823636637362e-09,0.0008415678404060933,0.0001402613067343489,0,0
pitch,step_pos_0p10,2.58,0.1,0.09985973881627769,5.680381061128324e-09,0.0008415671023339066,0.00014026118372231777,0,0
pitch,step_pos_0p10,2.6,0.1,0.09985973891989179,4.784634181607904e-09,0.0008415664806492862,0.00014026108010821436,0,0
pitch,step_pos_0p10,2.62,0.1,0.09985973900716685,4.030138820482223e-09,0.0008415659569989131,0.0001402609928331522,0,0
pitch,step_pos_0p10,2.64,0.1,0.0998597390806794,3.3946208236197522e-09,0.0008415655159236535,0.0001402609193206089,0,0
pitch,step_pos_0p10,2.66,0.1,0.09985973914259964,2.859318493438272e-09,0.0008415651444021732,0.0001402608574003622,0,0
pitch,step_pos_0p10,2.68,0.1,0.0998597391947556,2.4084287113648587e-09,0.0008415648314664126,0.0001402608052444021,0,0
pitch,step_pos_0p10,2.7,0.1,0.09985973923868703,2.0286403462124184e-09,0.000841564567877845,0.00014026076131297416,0,0
pitch,step_pos_0p10,2.72,0.1,0.09985973927569085,1.7087412856597651e-09,0.0008415643458549449,0.00014026072430915748,0,0
pitch,step_pos_0p10,2.74,0.1,0.09985973930685949,1.4392875374102147e-09,0.0008415641588431222,0.00014026069314052036,0,0
pitch,step_pos_0p10,2.7600000000000002,0.1,0.09985973933311308,1.2123243066030651e-09,0.0008415640013215431,0.00014026066688692385,0,0
pitch,step_pos_0p10,2.7800000000000002,0.1,0.09985973935522673,1.0211512583112204e-09,0.0008415638686396776,0.0001402606447732796,0,0
pitch,step_pos_0p10,2.8000000000000003,0.1,0.09985973937385324,8.60124529824997e-10,0.0008415637568805756,0.0001402606261467626,0,0
pitch,step_pos_0p10,2.82,0.1,0.09985973938954251,7.244903060382379e-10,0.0008415636627449596,0.00014026061045749327,0,0
pitch,step_pos_0p10,2.84,0.1,0.09985973940275772,6.102444384597214e-10,0.0008415635834537194,0.00014026059724228657,0,0
pitch,step_pos_0p10,2.86,0.1,0.099859739413889,5.140141637749432e-10,0.0008415635166660607,0.0001402605861110101,0,0
pitch,step_pos_0p10,2.88,0.1,0.09985973942326497,4.3295859425069117e-10,0.0008415634604102273,0.0001402605767350379,0,0
pitch,step_pos_0p10,2.9,0.1,0.09985973943116243,3.6468479311697006e-10,0.0008415634130254646,0.00014026056883757743,0,0
pitch,step_pos_0p10,2.92,0.1,0.09985973943781454,3.0717718901397927e-10,0.000841563373112808,0.000140260562185468,0,0
pitch,step_pos_0p10,2.94,0.1,0.09985973944341765,2.587380108526756e-10,0.0008415633394941169,0.0001402605565823528,0,0
pitch,step_pos_0p10,2.96,0.1,0.09985973944813721,2.1793730146323726e-10,0.0008415633111767684,0.00014026055186279474,0,0
pitch,step_pos_0p10,2.98,0.1,0.09985973945211253,1.8357050862642618e-10,0.000841563287324848,0.00014026054788747466,0,0
pitch,step_pos_0p10,3.0,0.1,0.09985973945546099,1.5462307404712834e-10,0.000841563287324848,0.00014026054453901426,0,0
